{"cameraMode":{"drawMode":0,"name":"Shaded","section":"Shading Mode"},"sceneLighting":false,"audioPlay":false,"sceneViewState":{"m_AlwaysRefresh":false,"showFog":true,"showSkybox":false,"showFlares":true,"showImageEffects":true,"showParticleSystems":true,"showVisualEffectGraphs":true,"m_FxEnabled":false},"in2DMode":false,"pivot":{"x":-1.8624157905578614,"y":22.60687255859375,"z":41.30476379394531},"rotation":{"x":0.13843190670013429,"y":-0.07429345697164536,"z":0.024706419557332994,"w":0.9872788786888123},"size":36.36463928222656,"orthographic":false}