{"cameraMode":{"drawMode":0,"name":"Shaded","section":"Shading Mode"},"sceneLighting":false,"audioPlay":false,"sceneViewState":{"m_AlwaysRefresh":false,"showFog":true,"showSkybox":false,"showFlares":true,"showImageEffects":true,"showParticleSystems":true,"showVisualEffectGraphs":true,"m_FxEnabled":false},"in2DMode":false,"pivot":{"x":0.043590545654296878,"y":0.4765348434448242,"z":0.4620039463043213},"rotation":{"x":0.2452419251203537,"y":-0.07839307934045792,"z":0.03451864421367645,"w":0.9656773209571838},"size":7.679076194763184,"orthographic":false}